Nom;Prenom
Dupont;Paul
Martin;Marie
Durand;Philippe
Lefevre;Julie
Lemoine;Thomas
Garcia;Sophie
Hubert;Antoine
Morel;Céline
Perrin;Nicolas
Leroy;Manon
Roux;David
Girard;Émilie
Muller;Lucas
Andre;Camille
Garnier;Alexandre
Chevalier;Elodie
Fournier;Matthieu
Vincent;Laura
Barbier;Pierre
Roche;Charlotte
Denis;Sylvain
Brun;Marine
Blanc;Rémi
Gauthier;Valérie
Henry;Maxime
Robin;Aurélie
Masson;Benjamin
Morin;Caroline
Guerin;François
Joly;Julia
Mercier;Gabriel
Rousseau;Océane
Vidal;Mathieu
Perez;Léa
Lefevre;Adrien
Colin;Pauline
Renard;Théo
Pierre;Alice
Arnaud;Juliette
Rolland;Vincent
Caron;Sarah
Aubert;Alexis
Gautier;Clémence
Dumas;Jonathan
Fabre;Mélanie
Riviere;Louis
Marchand;Elise
Noel;Guillaume
